Designator,Mid X,Mid Y,Rotation,Layer
BZ1_2,45.24717,-58.0,45.0,bottom
BZ1,45.24717,-19.0,45.0,bottom
C1_2,27.24717,-18.5,315.0,bottom
C1,27.24717,-57.5,315.0,bottom
C10_2,42.89717,-35.1,135.0,bottom
C10,42.89717,-74.1,135.0,bottom
C11_2,35.99717,-73.25,45.0,bottom
C11,35.99717,-34.25,45.0,bottom
C12_2,32.270276,-35.548214,45.0,bottom
C12,32.270276,-74.548214,45.0,bottom
C13_2,34.907759,-32.82518,45.0,bottom
C13,34.907759,-71.82518,45.0,bottom
C14_2,34.99217,-55.0,180.0,top
C14,34.99217,-16.0,180.0,top
C15_2,40.89717,-17.1,180.0,top
C15,40.89717,-56.1,180.0,top
C16_2,46.232028,-59.8,180.0,top
C16,46.232028,-20.8,180.0,top
C17_2,49.023981,-64.0,180.0,top
C17,49.023981,-25.0,180.0,top
C18_2,46.232028,-71.2,180.0,top
C18,46.232028,-32.2,180.0,top
C19_2,40.901342,-74.875644,180.0,top
C19,40.901342,-35.875644,180.0,top
C2_2,37.69717,-31.88,270.0,top
C2,37.69717,-70.88,270.0,top
C20_2,34.99217,-76.0,180.0,top
C20,34.99217,-37.0,180.0,top
C21_2,29.081597,-35.875644,180.0,top
C21,29.081597,-74.875644,180.0,top
C22_2,23.752312,-32.2,180.0,top
C22,23.752312,-71.2,180.0,top
C23_2,20.960359,-67.0,180.0,top
C23,20.960359,-28.0,180.0,top
C24_2,23.752312,-59.8,180.0,top
C24,23.752312,-20.8,180.0,top
C25_2,29.081597,-56.1,180.0,top
C25,29.081597,-17.1,180.0,top
C26_2,24.49717,-22.225,90.0,bottom
C26,24.49717,-61.225,90.0,bottom
C27_2,29.09717,-72.8,90.0,bottom
C27,29.09717,-33.8,90.0,bottom
C28_2,25.79717,-27.3,270.0,bottom
C28,25.79717,-66.3,270.0,bottom
C29_2,33.89717,-56.975,270.0,bottom
C29,33.89717,-17.975,270.0,bottom
C3_2,28.74717,-81.0,135.0,bottom
C3,28.74717,-42.0,135.0,bottom
C30_2,34.693121,-54.499249,0.0,bottom
C30,34.693121,-15.499249,0.0,bottom
C31_2,29.99717,-25.2,270.0,bottom
C31,29.99717,-64.2,270.0,bottom
C32_2,40.596775,-64.39965,270.0,bottom
C32,40.596775,-25.39965,270.0,bottom
C33_2,37.894248,-64.399035,90.0,bottom
C33,37.894248,-25.399035,90.0,bottom
C34_2,36.196659,-64.399035,270.0,bottom
C34,36.196659,-25.399035,270.0,bottom
C35_2,34.791122,-66.893952,45.0,bottom
C35,34.791122,-27.893952,45.0,bottom
C36_2,31.19717,-29.3,45.0,bottom
C36,31.19717,-68.3,45.0,bottom
C4_2,47.69717,-70.5,180.0,bottom
C4,47.69717,-31.5,180.0,bottom
C5_2,33.270276,-77.423214,45.0,bottom
C5,33.270276,-38.423214,45.0,bottom
C6_2,34.470276,-37.448214,45.0,bottom
C6,34.470276,-76.448214,45.0,bottom
C7_2,40.94717,-78.8,225.0,bottom
C7,40.94717,-39.8,225.0,bottom
C8_2,36.49717,-32.9,45.0,bottom
C8,36.49717,-71.9,45.0,bottom
C9_2,38.89717,-70.9,225.0,bottom
C9,38.89717,-31.9,225.0,bottom
D1_2,34.99717,-53.5,90.0,top
D1,34.99717,-14.5,90.0,top
D10_2,21.011384,-65.5,90.0,top
D10,21.011384,-26.5,90.0,top
D11_2,23.79717,-19.3,90.0,top
D11,23.79717,-58.3,90.0,top
D12_2,29.10961,-54.6,90.0,top
D12,29.10961,-15.6,90.0,top
D13_2,26.44717,-62.25,0.0,top
D13,26.44717,-23.25,0.0,top
D14_2,28.24717,-63.985,90.0,top
D14,28.24717,-24.985,90.0,top
D15_2,28.24717,-27.985,90.0,top
D15,28.24717,-66.985,90.0,top
D16_2,26.44717,-68.75,0.0,top
D16,26.44717,-29.75,0.0,top
D17_2,24.74717,-27.985,90.0,top
D17,24.74717,-66.985,90.0,top
D18_2,24.74717,-24.985,90.0,top
D18,24.74717,-63.985,90.0,top
D19_2,26.44717,-26.5,0.0,top
D19,26.44717,-65.5,0.0,top
D2_2,40.88333,-54.6,90.0,top
D2,40.88333,-15.6,90.0,top
D20_2,31.48217,-62.25,0.0,top
D20,31.48217,-23.25,0.0,top
D21_2,33.24717,-63.985,90.0,top
D21,33.24717,-24.985,90.0,top
D22_2,33.24717,-66.985,90.0,top
D22,33.24717,-27.985,90.0,top
D23_2,31.48217,-68.75,0.0,top
D23,31.48217,-29.75,0.0,top
D24_2,29.74717,-27.985,90.0,top
D24,29.74717,-66.985,90.0,top
D25_2,29.74717,-24.98,90.0,top
D25,29.74717,-63.98,90.0,top
D26_2,31.48217,-26.5,0.0,top
D26,31.48217,-65.5,0.0,top
D27_2,38.19717,-23.25,0.0,top
D27,38.19717,-62.25,0.0,top
D28_2,39.99717,-24.985,90.0,top
D28,39.99717,-63.985,90.0,top
D29_2,39.99717,-66.985,90.0,top
D29,39.99717,-27.985,90.0,top
D3_2,46.19717,-58.3,90.0,top
D3,46.19717,-19.3,90.0,top
D30_2,38.19717,-68.75,0.0,top
D30,38.19717,-29.75,0.0,top
D31_2,36.49717,-66.985,90.0,top
D31,36.49717,-27.985,90.0,top
D32_2,36.49717,-63.99,90.0,top
D32,36.49717,-24.99,90.0,top
D33_2,38.19717,-26.5,0.0,top
D33,38.19717,-65.5,0.0,top
D34_2,43.23217,-62.25,0.0,top
D34,43.23217,-23.25,0.0,top
D35_2,44.99717,-63.985,90.0,top
D35,44.99717,-24.985,90.0,top
D36_2,44.99717,-27.985,90.0,top
D36,44.99717,-66.985,90.0,top
D37_2,43.23217,-29.75,0.0,top
D37,43.23217,-68.75,0.0,top
D38_2,41.49717,-66.985,90.0,top
D38,41.49717,-27.985,90.0,top
D39_2,41.49717,-63.9825,90.0,top
D39,41.49717,-24.9825,90.0,top
D4_2,48.982956,-26.5,270.0,top
D4,48.982956,-65.5,270.0,top
D40_2,43.23217,-65.5,0.0,top
D40,43.23217,-26.5,0.0,top
D43_2,46.89717,-26.3,315.0,bottom
D43,46.89717,-65.3,315.0,bottom
D5_2,46.19717,-72.7,270.0,top
D5,46.19717,-33.7,270.0,top
D6_2,40.88333,-76.4,270.0,top
D6,40.88333,-37.4,270.0,top
D7_2,34.99717,-38.5,270.0,top
D7,34.99717,-77.5,270.0,top
D8_2,29.10961,-76.4,270.0,top
D8,29.10961,-37.4,270.0,top
D9_2,23.79717,-33.7,270.0,top
D9,23.79717,-72.7,270.0,top
FB1_2,41.59717,-72.3,225.0,bottom
FB1,41.59717,-33.3,225.0,bottom
J1_2,45.89717,-37.7,315.0,bottom
J1,45.89717,-76.7,315.0,bottom
KIKIT_FID_B_1,6.0,-6.0,0.0,bottom
KIKIT_FID_B_2,64.0,-6.0,0.0,bottom
KIKIT_FID_B_3,6.0,-86.0,0.0,bottom
KIKIT_FID_B_4,64.0,-86.0,0.0,bottom
KIKIT_FID_T_1,6.0,-6.0,0.0,top
KIKIT_FID_T_2,64.0,-6.0,0.0,top
KIKIT_FID_T_3,6.0,-86.0,0.0,top
KIKIT_FID_T_4,64.0,-86.0,0.0,top
L1_2,33.39717,-21.9,180.0,bottom
L1,33.39717,-60.9,180.0,bottom
L2_2,28.63467,-27.9,180.0,bottom
L2,28.63467,-66.9,180.0,bottom
LI-PO1_2,33.49717,-50.9,270.0,bottom
LI-PO1,33.49717,-11.9,270.0,bottom
P1_2,19.34967,-26.375,90.0,bottom
P1,19.34967,-65.375,90.0,bottom
Q1_2,43.834257,-28.162913,315.0,bottom
Q1,43.834257,-67.162913,315.0,bottom
Q2_2,30.800463,-78.677468,135.0,bottom
Q2,30.800463,-39.677468,135.0,bottom
Q3_2,36.32027,-57.10175,270.0,bottom
Q3,36.32027,-18.10175,270.0,bottom
Q4_2,39.83467,-61.35,180.0,bottom
Q4,39.83467,-22.35,180.0,bottom
R1_2,24.49717,-30.4,270.0,bottom
R1,24.49717,-69.4,270.0,bottom
R10_2,34.870276,-40.148214,135.0,bottom
R10,34.870276,-79.148214,135.0,bottom
R11_2,37.99717,-82.25,135.0,bottom
R11,37.99717,-43.25,135.0,bottom
R12_2,27.29717,-73.2,270.0,bottom
R12,27.29717,-34.2,270.0,bottom
R13_2,41.99717,-54.1,135.0,bottom
R13,41.99717,-15.1,135.0,bottom
R14_2,43.89717,-52.2,135.0,bottom
R14,43.89717,-13.2,135.0,bottom
R15_2,24.19717,-66.3,270.0,bottom
R15,24.19717,-27.3,270.0,bottom
R16_2,24.19717,-24.9,270.0,bottom
R16,24.19717,-63.9,270.0,bottom
R17_2,29.29717,-37.6,225.0,bottom
R17,29.29717,-76.6,225.0,bottom
R18_2,39.29717,-56.5,315.0,bottom
R18,39.29717,-17.5,315.0,bottom
R19_2,28.59717,-56.6,270.0,bottom
R19,28.59717,-17.6,270.0,bottom
R2_2,24.69717,-72.7,90.0,bottom
R2,24.69717,-33.7,90.0,bottom
R20_2,28.39717,-77.5,45.0,bottom
R20,28.39717,-38.5,45.0,bottom
R22_2,38.82217,-54.3,315.0,bottom
R22,38.82217,-15.3,315.0,bottom
R23_2,32.19717,-31.9,90.0,top
R23,32.19717,-70.9,90.0,top
R24_2,32.39717,-30.7,45.0,bottom
R24,32.39717,-69.7,45.0,bottom
R25_2,37.19717,-31.85,45.0,bottom
R25,37.19717,-70.85,45.0,bottom
R26_2,28.29717,-24.9,90.0,bottom
R26,28.29717,-63.9,90.0,bottom
R3_2,25.69717,-56.9,135.0,bottom
R3,25.69717,-17.9,135.0,bottom
R4_2,20.89717,-57.3,225.0,bottom
R4,20.89717,-18.3,225.0,bottom
R5_2,31.49717,-42.75,180.0,bottom
R5,31.49717,-81.75,180.0,bottom
R6_2,28.09717,-80.1,135.0,bottom
R6,28.09717,-41.1,135.0,bottom
R7_2,47.79717,-29.2375,90.0,bottom
R7,47.79717,-68.2375,90.0,bottom
R8_2,41.74717,-30.25,225.0,bottom
R8,41.74717,-69.25,225.0,bottom
R9_2,49.84717,-31.3,0.0,bottom
R9,49.84717,-70.3,0.0,bottom
SW1_2,23.89717,-38.5,221.0,bottom
SW1,23.89717,-77.5,221.0,bottom
SW2_2,51.19717,-65.5,90.0,bottom
SW2,51.19717,-26.5,90.0,bottom
SW3_2,23.89717,-14.7,316.0,bottom
SW3,23.89717,-53.7,316.0,bottom
U1_2,34.99717,-31.8,0.0,top
U1,34.99717,-70.8,0.0,top
U2_2,35.865799,-81.462132,135.0,bottom
U2,35.865799,-42.462132,135.0,bottom
U3_2,38.570276,-36.948214,315.0,bottom
U3,38.570276,-75.948214,315.0,bottom
U4_2,27.09717,-69.6,90.0,bottom
U4,27.09717,-30.6,90.0,bottom
U5_2,31.29227,-55.692924,90.0,bottom
U5,31.29227,-16.692924,90.0,bottom
U6_2,33.77217,-25.25,90.0,bottom
U6,33.77217,-64.25,90.0,bottom
U7_2,36.84717,-60.86,90.0,bottom
U7,36.84717,-21.86,90.0,bottom
U8_2,33.725939,-29.324784,135.0,bottom
U8,33.725939,-68.324784,135.0,bottom
Y1_2,32.49717,-33.2,45.0,bottom
Y1,32.49717,-72.2,45.0,bottom
